{
  "Logistic Regression": {
    "validation": {
      "accuracy": 0.8418782942022042,
      "precision": 0.8401332223147377,
      "recall": 0.8796861377506539,
      "f1_score": 0.8594548551959114,
      "confusion_matrix": [
        [
          1496,
          384
        ],
        [
          276,
          2018
        ]
      ]
    },
    "test": {
      "accuracy": 0.8539390454284072,
      "precision": 0.8475873544093178,
      "recall": 0.8933707471062785,
      "f1_score": 0.8698770491803278,
      "confusion_matrix": [
        [
          1908,
          458
        ],
        [
          304,
          2547
        ]
      ]
    }
  },
  "SVM": {
    "validation": {
      "accuracy": 0.9621466219453761,
      "precision": 0.9599483204134367,
      "recall": 0.9716652136006975,
      "f1_score": 0.9657712305025996,
      "confusion_matrix": [
        [
          1787,
          93
        ],
        [
          65,
          2229
        ]
      ]
    },
    "test": {
      "accuracy": 0.9551466359976998,
      "precision": 0.951362538806485,
      "recall": 0.9673798667134339,
      "f1_score": 0.959304347826087,
      "confusion_matrix": [
        [
          2225,
          141
        ],
        [
          93,
          2758
        ]
      ]
    }
  },
  "KNN": {
    "validation": {
      "accuracy": 1.0,
      "precision": 1.0,
      "recall": 1.0,
      "f1_score": 1.0,
      "confusion_matrix": [
        [
          1880,
          0
        ],
        [
          0,
          2294
        ]
      ]
    },
    "test": {
      "accuracy": 1.0,
      "precision": 1.0,
      "recall": 1.0,
      "f1_score": 1.0,
      "confusion_matrix": [
        [
          2366,
          0
        ],
        [
          0,
          2851
        ]
      ]
    }
  },
  "Random Forest": {
    "validation": {
      "accuracy": 1.0,
      "precision": 1.0,
      "recall": 1.0,
      "f1_score": 1.0,
      "confusion_matrix": [
        [
          1880,
          0
        ],
        [
          0,
          2294
        ]
      ]
    },
    "test": {
      "accuracy": 1.0,
      "precision": 1.0,
      "recall": 1.0,
      "f1_score": 1.0,
      "confusion_matrix": [
        [
          2366,
          0
        ],
        [
          0,
          2851
        ]
      ]
    }
  }
}