{
  "Logistic Regression": {
    "validation": {
      "accuracy": 0.8394825107810254,
      "precision": 0.8360927152317881,
      "recall": 0.8805579773321709,
      "f1_score": 0.8577494692144374,
      "confusion_matrix": [
        [
          1484,
          396
        ],
        [
          274,
          2020
        ]
      ]
    },
    "test": {
      "accuracy": 0.8443549932911635,
      "precision": 0.8376946008612123,
      "recall": 0.8870571729217819,
      "f1_score": 0.8616695059625213,
      "confusion_matrix": [
        [
          1876,
          490
        ],
        [
          322,
          2529
        ]
      ]
    }
  },
  "SVM": {
    "validation": {
      "accuracy": 0.9566363200766651,
      "precision": 0.9547998278088679,
      "recall": 0.966870095902354,
      "f1_score": 0.9607970543643058,
      "confusion_matrix": [
        [
          1775,
          105
        ],
        [
          76,
          2218
        ]
      ]
    },
    "test": {
      "accuracy": 0.950354609929078,
      "precision": 0.9456671251719395,
      "recall": 0.9645738337425465,
      "f1_score": 0.9550269143948602,
      "confusion_matrix": [
        [
          2208,
          158
        ],
        [
          101,
          2750
        ]
      ]
    }
  },
  "KNN": {
    "validation": {
      "accuracy": 0.9997604216578821,
      "precision": 1.0,
      "recall": 0.9995640802092415,
      "f1_score": 0.999781992587748,
      "confusion_matrix": [
        [
          1880,
          0
        ],
        [
          1,
          2293
        ]
      ]
    },
    "test": {
      "accuracy": 1.0,
      "precision": 1.0,
      "recall": 1.0,
      "f1_score": 1.0,
      "confusion_matrix": [
        [
          2366,
          0
        ],
        [
          0,
          2851
        ]
      ]
    }
  },
  "Random Forest": {
    "validation": {
      "accuracy": 1.0,
      "precision": 1.0,
      "recall": 1.0,
      "f1_score": 1.0,
      "confusion_matrix": [
        [
          1880,
          0
        ],
        [
          0,
          2294
        ]
      ]
    },
    "test": {
      "accuracy": 1.0,
      "precision": 1.0,
      "recall": 1.0,
      "f1_score": 1.0,
      "confusion_matrix": [
        [
          2366,
          0
        ],
        [
          0,
          2851
        ]
      ]
    }
  }
}